y,ID
76.81422,1
90.85416,2
77.23041,3
77.76529,4
111.07748,5
88.609085,8
109.97638,10
93.86818,11
114.455635,12
92.40471,14
114.57756,15
104.451996,16
93.51349,17
92.77661,19
103.17012,20
93.77614,21
114.53104,22
93.51349,23
91.47184,26
92.23624,28
93.51349,29
93.51349,33
91.8598,35
94.46905,41
94.46793,42
114.5463,43
102.772964,45
102.75816,46
95.62785,51
78.27082,53
113.64197,55
94.03502,56
105.14903,57
93.786446,58
104.330284,59
112.81104,63
95.74272,64
102.9036,65
94.1383,69
93.06887,71
104.49245,72
95.96578,73
105.26988,76
103.718315,77
115.04726,78
95.57203,82
102.9036,83
95.57269,84
104.20981,85
113.70018,87
94.46905,88
113.15864,89
94.09638,91
94.93371,93
103.62745,94
95.42952,95
112.18415,96
92.98794,97
112.164024,98
94.43754,99
105.34354,101
113.15864,103
93.56077,104
112.05231,105
92.731544,110
113.14163,111
112.28221,113
94.28069,114
113.80018,115
113.15864,117
91.9667,120
113.996445,121
93.18583,122
113.04959,123
113.06651,126
113.25116,132
106.79195,135
105.03097,137
94.44437,138
93.399025,140
112.77216,142
112.92585,144
92.07291,148
113.22838,149
95.32749,155
112.95655,156
92.98794,157
113.93406,162
94.3957,163
94.4892,167
114.5463,172
113.06531,179
92.37368,180
111.65436,181
95.693405,182
113.15864,183
113.15864,185
113.132164,187
95.57203,188
95.62785,189
94.45544,191
111.77022,192
95.494255,193
112.733315,194
93.05853,195
112.676834,196
93.33832,198
113.30735,199
103.09868,201
94.34259,204
105.54013,205
96.39885,206
94.97849,210
105.34354,211
111.99472,216
114.73595,219
92.97415,220
112.47391,221
111.65436,226
95.299355,227
113.613464,228
112.92585,230
92.98794,231
115.25629,235
93.591835,236
113.51598,238
104.908615,242
94.696945,243
78.926285,244
112.042274,245
113.215256,247
91.98409,248
94.26694,249
113.06258,250
93.591835,251
115.25629,253
92.01681,254
94.06069,256
92.609116,257
113.9355,258
94.09638,259
76.441505,262
95.11489,266
113.76633,267
104.52512,272
113.15864,273
93.07672,275
111.63654,276
95.198326,279
102.9036,280
92.81367,283
113.613464,285
113.15864,288
96.19478,289
104.248695,290
96.061615,291
112.82021,292
111.16368,293
90.47129,296
113.16406,297
115.04726,298
95.57203,299
94.01581,304
99.11177,305
93.50278,306
111.995514,307
110.2997,311
111.65436,313
94.14579,314
96.04733,316
96.29036,324
95.855156,327
94.04984,329
112.60491,330
106.25737,337
94.275925,338
105.029205,339
93.74587,340
93.11762,343
114.85787,345
94.222244,346
112.54792,347
114.17588,349
94.81219,350
113.53538,352
92.20995,353
78.90124,354
94.333176,357
112.07218,358
111.764244,362
115.669304,364
104.38201,365
93.005325,366
113.15864,367
94.95024,368
80.09752,370
93.73043,373
93.647934,377
112.05903,378
105.26988,382
113.613464,384
94.16131,390
112.863625,392
112.803635,393
93.88956,395
107.09899,396
78.3551,399
111.65436,406
111.65436,408
93.88298,409
77.36483,410
114.65395,412
91.83267,413
94.39043,419
111.9736,420
91.62056,421
101.17274,430
95.33086,434
95.31225,436
93.16747,437
93.11762,438
112.869835,439
94.696945,440
112.50957,443
94.34259,446
94.19639,448
94.40661,452
104.8159,453
103.10215,457
94.58691,458
113.31693,459
104.10103,460
105.60305,462
104.16939,464
114.73595,465
117.27941,467
113.009445,471
76.61277,472
92.843956,473
94.58755,475
93.669235,480
112.402534,488
111.995514,490
105.77693,491
79.27144,492
95.116,493
93.44317,497
113.63117,498
94.334946,499
102.81427,500
95.002815,501
113.76633,502
79.98381,506
111.895645,510
95.302925,511
93.38313,512
93.76363,516
92.489555,518
110.725136,519
94.06788,521
113.227516,522
113.52535,526
95.12725,529
113.17452,532
94.346466,533
111.46518,536
98.870186,537
95.96578,539
105.34354,540
94.066216,541
95.62785,543
113.45076,546
94.38652,547
79.25631,548
94.63419,551
104.35091,552
104.80756,556
95.68943,557
113.15864,558
95.52381,559
104.654236,560
104.49221,562
95.31881,566
113.63117,570
93.16747,571
102.9036,572
95.57203,573
114.73595,575
112.86287,576
94.27447,577
92.22642,579
111.99685,580
113.25116,581
111.995514,589
103.846085,591
94.636024,593
104.85172,594
95.09393,595
94.87484,598
110.24285,602
112.756325,604
112.96491,606
92.83315,608
105.34354,609
95.787285,610
113.215256,616
94.11492,617
104.51269,618
104.86594,620
111.23813,622
92.235344,623
113.474625,624
113.246445,626
114.179016,628
94.25119,629
112.92585,630
93.684265,637
104.97561,638
94.37726,643
93.669235,645
116.35934,646
93.07832,648
94.49156,652
93.15041,653
113.63117,654
113.544365,656
94.78136,657
95.455284,659
105.14694,660
92.40947,663
113.64391,664
105.140564,666
109.43275,668
94.57923,669
94.50616,671
93.50423,675
92.917786,677
112.042274,678
104.90575,679
92.53411,682
103.46167,685
94.22064,687
94.49351,688
112.78047,693
96.72344,696
94.21861,698
95.8328,701
104.9654,704
114.60232,705
112.733894,709
94.59608,710
104.86879,711
93.9521,712
112.96074,714
93.65255,715
112.46914,716
93.52154,717
114.85787,720
94.48412,721
102.59965,724
93.59994,725
112.09455,726
113.214615,728
92.40858,731
105.42533,734
94.529594,738
110.98817,745
93.41061,746
78.04555,751
93.71312,754
92.651344,756
93.48416,758
113.40466,759
115.37501,761
94.342,766
109.55527,767
92.70897,768
113.08951,769
92.25336,770
79.27144,771
104.8422,772
95.10782,773
111.457924,774
113.613464,776
94.73658,777
114.5463,780
105.34354,782
104.4831,787
95.96578,788
91.80142,792
114.27044,793
95.83418,798
93.48465,800
112.46914,806
113.08781,809
113.82003,811
92.07587,812
114.73595,814
104.14375,816
95.5525,817
109.29432,818
108.703354,820
94.58691,823
92.248955,829
113.278854,830
92.4888,831
111.35054,834
94.96895,839
79.49684,841
105.34354,844
95.2867,845
94.044495,848
96.34805,850
104.29333,851
94.39791,852
93.66759,854
95.79737,855
102.13274,856
104.252014,859
111.457924,861
93.37672,864
110.51641,865
92.169304,866
93.74305,867
94.37598,869
92.660385,871
112.46914,872
103.34744,882
95.33086,883
94.30389,885
96.222305,888
111.883026,893
112.042274,901
105.77693,903
94.303406,904
105.63283,905
94.40227,910
111.54175,911
110.71102,914
112.560936,918
91.79033,921
94.94567,928
104.81219,929
96.448654,932
103.85864,933
94.40227,934
111.88899,935
79.61251,937
95.57203,939
103.23179,940
95.330215,941
103.00755,942
94.21861,943
104.808044,944
112.46914,947
113.240425,949
111.52411,951
95.78251,952
105.77693,953
75.963135,954
113.06239,957
91.911224,959
117.76358,960
114.73595,963
112.46914,965
104.02553,967
94.96895,971
76.69232,972
94.19005,973
113.71452,974
96.09601,975
117.00114,978
113.564064,980
94.77021,981
111.46518,984
94.40227,986
92.70897,988
109.898865,989
104.336876,990
112.042274,992
93.87265,996
111.075584,999
94.57751,1000
110.51641,1001
92.70897,1002
113.613464,1003
93.30709,1004
111.68353,1008
95.83886,1009
106.16332,1010
116.45522,1012
92.17285,1013
113.228065,1014
93.218605,1015
114.73595,1016
93.81917,1019
110.630646,1020
94.40227,1021
104.68505,1022
94.40227,1024
79.13045,1025
95.11136,1027
105.17884,1028
96.08552,1029
93.091194,1030
113.71452,1033
93.708824,1036
112.424095,1037
92.78358,1038
95.57203,1042
104.41433,1043
93.21257,1044
111.7029,1045
113.55758,1047
95.2867,1050
112.22418,1051
94.58691,1054
94.77021,1056
95.33086,1057
93.25671,1059
100.53289,1062
103.646614,1063
94.77021,1064
93.666016,1066
104.49625,1070
111.3214,1076
100.223976,1077
111.919304,1078
112.89116,1080
113.709175,1082
95.855156,1083
112.31242,1089
96.25099,1091
94.70856,1093
95.24094,1097
94.04328,1099
94.40227,1101
95.08617,1103
111.61963,1104
113.03586,1106
93.823654,1109
112.079124,1110
95.27553,1111
112.38236,1112
95.65654,1114
94.72616,1116
112.663956,1117
94.147285,1120
112.373634,1124
94.24658,1125
113.74368,1126
111.99309,1134
94.37613,1137
114.2077,1138
112.14504,1144
95.12262,1145
93.83444,1146
95.78802,1148
93.88788,1150
105.81716,1152
93.87401,1153
105.83757,1154
95.600716,1155
93.52994,1157
95.600716,1162
113.09108,1165
95.323524,1166
105.03929,1167
94.974976,1168
104.2807,1169
115.28497,1171
95.90365,1172
104.2807,1173
94.94567,1174
95.55799,1176
105.20023,1177
94.8068,1178
113.177795,1182
94.14286,1186
113.87238,1187
94.74056,1188
115.01993,1189
105.32153,1191
95.600716,1192
112.726166,1197
94.98954,1198
78.23335,1200
95.38029,1201
95.14473,1203
115.20957,1209
104.648575,1214
112.5303,1218
93.55248,1222
94.438446,1226
95.24849,1228
94.47051,1230
79.35,1232
94.12038,1233
114.031204,1236
95.32881,1238
112.14504,1241
106.43613,1244
95.4039,1246
112.537865,1247
113.13926,1250
94.21858,1251
113.08394,1254
94.65209,1255
111.87451,1256
93.79817,1257
94.6514,1258
112.46914,1259
95.5525,1260
112.14504,1263
78.382935,1267
113.29022,1268
95.600716,1271
111.883026,1272
105.08299,1274
95.600716,1275
112.22418,1276
92.68103,1277
93.83444,1279
95.87622,1281
94.74056,1282
113.38281,1283
112.92191,1285
94.37613,1286
113.96706,1289
111.57474,1296
93.65633,1299
93.87265,1301
93.88277,1306
94.8068,1307
93.92114,1308
112.22418,1313
94.92521,1314
112.079124,1315
93.61843,1316
111.883026,1317
93.70334,1319
93.8979,1323
105.20836,1324
94.96895,1325
103.59381,1328
93.53155,1329
111.457924,1330
93.99858,1331
103.55699,1332
95.13437,1337
112.36349,1338
94.541504,1339
109.44821,1340
114.605354,1343
104.83582,1347
95.17023,1348
106.422226,1349
93.83444,1352
95.79737,1354
112.97063,1359
94.81036,1360
111.883026,1363
96.75213,1364
105.262825,1365
93.480484,1366
94.552864,1372
104.54137,1375
95.10547,1376
94.302124,1378
113.5221,1379
95.05532,1380
104.2807,1381
113.47931,1384
93.65633,1387
112.50474,1388
78.389824,1392
105.76427,1394
94.38832,1395
112.12798,1396
93.80619,1398
112.12798,1399
93.35271,1400
94.66778,1401
94.16849,1403
114.1828,1404
112.12798,1406
95.65654,1407
112.14504,1408
78.382935,1410
112.46914,1412
94.61192,1413
95.28859,1415
112.14504,1420
112.5303,1422
106.04034,1423
112.14504,1424
94.63513,1425
78.382935,1426
95.14473,1427
93.82866,1429
112.46612,1430
95.69686,1431
104.450455,1432
113.71338,1434
95.99447,1437
105.76829,1438
112.95466,1440
113.24394,1441
94.8068,1442
112.93769,1444
95.629745,1445
105.81716,1446
95.92382,1448
93.95575,1453
112.46914,1454
95.600716,1455
113.20691,1456
112.46914,1458
93.57365,1459
94.07553,1461
93.65633,1465
112.6119,1466
93.8979,1469
93.95575,1472
95.17023,1474
113.202965,1477
111.53664,1479
94.897705,1482
79.21113,1483
94.87071,1487
113.87521,1488
113.86689,1490
113.965294,1492
115.01993,1494
104.62816,1496
94.41032,1497
96.50421,1499
93.54965,1502
112.9936,1507
93.83444,1508
111.21254,1509
93.41061,1511
112.71023,1512
114.79948,1513
104.3944,1514
113.54467,1518
92.3063,1519
113.962746,1522
78.23335,1524
94.8068,1527
93.64392,1529
105.16147,1532
113.64215,1536
115.20957,1537
104.352486,1539
113.21321,1542
95.10547,1543
105.26673,1544
78.78909,1545
95.35954,1550
112.30107,1551
105.20593,1554
105.81716,1556
93.79817,1559
76.72101,1560
93.50421,1562
92.3063,1566
113.055595,1567
104.443016,1569
113.60077,1570
112.037704,1571
93.83444,1574
105.81716,1578
93.05552,1580
113.15999,1583
93.83444,1584
113.1074,1585
94.591,1586
113.64215,1587
91.78887,1588
115.34548,1590
103.77379,1592
111.86928,1596
109.96395,1598
95.315384,1599
116.45513,1604
103.12444,1606
94.61192,1607
103.80373,1608
115.28497,1609
93.937775,1611
94.98637,1613
94.65447,1616
111.65978,1619
92.19426,1620
113.54467,1621
93.27967,1622
112.5159,1625
115.28497,1627
111.43421,1629
94.043465,1634
94.51679,1636
105.17772,1638
94.8068,1639
95.14473,1641
94.56049,1643
103.16168,1644
115.01993,1645
95.104546,1646
105.20593,1647
94.429054,1648
93.05552,1652
113.08473,1653
91.549164,1656
95.315384,1658
113.20694,1659
94.21876,1661
94.61192,1663
114.2078,1664
95.600716,1665
105.81716,1666
103.29785,1667
79.35,1668
104.075325,1669
94.438446,1670
112.89696,1672
113.228065,1674
113.87521,1677
94.24272,1678
113.17407,1679
94.62482,1680
105.2349,1683
105.14979,1686
112.5303,1687
113.63226,1689
94.044495,1690
115.3315,1691
113.17488,1692
93.83444,1693
95.315384,1695
93.95575,1696
113.33274,1697
105.81716,1700
94.775764,1701
113.09108,1702
93.16006,1703
113.48107,1704
95.559975,1706
111.938805,1707
94.6697,1708
94.42751,1710
104.8477,1711
105.69084,1713
104.16377,1717
105.81716,1719
95.26279,1720
95.06618,1722
104.06041,1725
94.6697,1726
104.464714,1727
111.436806,1729
93.88277,1730
113.78963,1731
105.81716,1733
95.99447,1734
112.5303,1735
94.98637,1738
96.250114,1742
113.228065,1745
95.11692,1747
94.567924,1749
94.303406,1751
77.79305,1752
103.68664,1753
95.556015,1754
94.616234,1755
103.88317,1756
113.01159,1758
95.600716,1759
104.72232,1760
113.38614,1761
92.8532,1762
112.752556,1763
95.26793,1764
94.26007,1766
94.96895,1768
78.450035,1769
109.942345,1771
94.41032,1772
104.70019,1773
95.99447,1774
111.51673,1775
111.77845,1777
95.600716,1779
103.916435,1780
93.16006,1787
93.89056,1788
94.77021,1790
112.95454,1796
92.111244,1801
94.16965,1803
113.33604,1807
112.80404,1809
94.05153,1812
111.79806,1813
94.58285,1814
113.255066,1815
94.90911,1816
94.49887,1818
94.17014,1820
114.031204,1821
94.57153,1822
94.392685,1825
104.91576,1826
94.6697,1828
103.63942,1831
113.66516,1836
95.17023,1837
95.17023,1841
103.977715,1844
94.37101,1848
104.352486,1851
96.12449,1852
94.24272,1853
111.46769,1854
97.04457,1856
113.21995,1859
94.47558,1860
78.12752,1861
105.20753,1863
96.00553,1865
104.15836,1866
94.997894,1867
92.66,1868
95.01547,1872
95.4939,1879
104.68343,1880
94.437836,1882
105.2349,1885
104.87599,1887
94.96174,1888
112.922005,1890
95.22701,1894
104.31971,1895
94.57141,1896
113.24231,1897
112.56197,1900
93.79817,1901
113.53555,1902
93.412895,1905
111.720825,1906
106.25056,1912
94.236305,1915
105.42706,1916
93.47553,1917
104.67511,1918
77.374504,1920
94.85192,1923
104.69584,1924
94.6697,1925
115.28497,1930
112.12798,1932
95.59954,1933
113.012566,1934
93.89923,1935
78.382935,1940
93.90946,1941
113.79501,1942
94.84023,1943
93.366745,1944
112.96784,1945
115.20957,1948
93.4167,1949
95.634445,1952
93.83444,1954
112.14504,1955
93.37395,1958
78.450035,1959
112.752556,1960
94.05711,1963
95.27375,1965
104.32866,1968
96.75213,1969
94.15375,1971
113.411674,1972
92.3063,1973
92.43534,1975
95.10782,1977
94.90911,1978
113.24394,1979
92.43534,1981
113.616745,1982
114.40216,1987
92.3063,1988
96.184494,1993
94.252075,1997
94.16965,1999
94.98637,2001
114.193924,2002
94.34762,2003
78.44225,2004
113.24394,2006
93.36107,2007
104.72232,2009
95.06618,2010
95.7092,2013
77.39238,2018
105.70243,2022
112.12608,2024
95.28859,2025
105.14365,2026
103.5723,2030
95.20493,2031
106.25056,2032
94.30852,2033
93.319496,2035
113.44743,2036
93.74267,2037
95.22701,2040
114.115524,2043
106.037605,2044
104.38283,2046
114.41263,2054
95.181786,2055
103.916435,2056
94.10706,2059
93.79817,2060
93.96326,2062
113.79501,2063
95.22701,2066
111.92973,2067
93.81011,2072
112.70511,2073
94.33114,2074
114.40681,2075
94.4919,2076
94.45311,2080
93.79817,2082
113.731636,2085
113.10915,2087
113.59227,2091
95.385254,2092
103.916435,2093
95.91271,2098
112.752556,2101
94.39781,2102
78.382935,2103
104.2247,2105
95.600716,2106
113.109314,2107
94.88023,2110
93.06772,2114
113.79501,2115
79.15045,2117
96.59009,2118
105.42706,2119
94.53866,2120
94.147285,2122
112.98524,2123
93.922195,2126
105.13529,2127
95.51138,2128
113.0487,2129
95.57623,2132
105.81716,2135
95.330215,2138
115.28497,2139
114.260925,2141
94.81675,2142
94.47908,2146
112.61942,2151
106.451164,2157
111.42938,2159
94.1015,2162
115.20957,2164
91.459915,2167
111.16616,2168
92.19316,2171
93.43316,2173
105.28085,2174
94.33772,2175
95.099686,2178
94.09158,2180
113.27513,2185
91.848236,2189
111.58951,2190
104.114944,2192
114.193924,2194
113.25508,2200
92.76624,2201
112.14344,2203
93.00175,2204
111.91106,2205
112.9936,2209
105.12633,2213
93.52576,2214
112.09596,2215
92.76624,2216
93.012245,2218
104.87811,2219
94.130936,2220
93.07366,2222
113.0487,2223
113.71289,2225
92.13616,2226
93.284515,2230
111.930664,2233
113.40256,2234
93.00175,2235
78.18683,2236
93.668,2237
114.193924,2240
93.223045,2241
105.262825,2248
92.01232,2249
112.03419,2250
113.30427,2252
92.90424,2253
113.352646,2254
77.63279,2256
93.70566,2258
112.442604,2259
94.33223,2262
95.099686,2265
104.94596,2266
93.27256,2269
94.66414,2271
92.87667,2273
112.93112,2274
93.18215,2275
93.43852,2277
93.00175,2279
76.91513,2280
94.09158,2282
104.84744,2283
90.56086,2288
113.386826,2289
93.20314,2291
115.403694,2292
94.607445,2297
104.70019,2298
93.767525,2299
114.84088,2300
92.08724,2301
93.94678,2304
102.68344,2305
94.33223,2306
93.93483,2308
112.1347,2309
93.67,2311
105.39292,2312
104.563644,2316
104.617195,2321
111.15256,2322
105.00323,2325
94.04439,2326
115.403694,2329
92.92519,2330
104.6151,2331
111.58951,2332
94.33223,2333
104.06041,2334
111.87451,2335
113.02293,2337
93.74466,2338
111.58951,2340
90.34479,2342
91.89499,2345
93.289566,2349
78.01654,2351
93.20314,2352
111.73805,2354
116.341705,2355
113.71289,2357
92.4254,2358
93.959915,2360
111.73805,2361
93.91202,2364
92.075935,2366
105.41368,2369
93.74035,2370
111.930664,2371
117.28271,2373
93.44003,2374
113.64215,2376
114.20457,2378
94.46185,2382
93.21384,2383
104.51712,2386
94.601776,2387
92.48499,2389
113.55469,2390
91.86777,2392
111.58951,2398
92.836845,2399
91.966354,2400
113.16513,2401
93.466736,2402
94.63058,2404
113.842575,2407
112.19518,2408
112.34144,2409
78.57568,2412
93.64881,2413
92.78932,2415
111.47425,2420
94.1124,2422
104.12639,2423
92.801704,2426
94.43403,2432
92.536896,2434
93.31711,2435
112.5416,2436
113.67343,2438
113.79501,2440
93.96312,2443
92.23909,2444
105.262825,2447
93.32679,2450
94.10629,2454
112.14234,2455
94.33223,2459
111.9565,2460
94.30652,2463
93.40414,2465
78.382935,2468
93.452835,2469
93.42492,2474
93.582085,2478
92.474594,2480
114.193924,2481
94.09158,2489
103.70452,2490
92.66422,2492
94.33223,2496
113.37145,2497
93.194046,2500
94.33223,2505
92.082565,2507
111.91106,2508
93.07466,2509
77.72078,2510
90.79241,2513
94.09158,2515
93.21384,2518
112.96719,2519
93.21384,2520
113.05901,2521
113.25994,2523
93.229866,2525
112.04993,2529
94.34762,2530
113.37492,2533
96.08031,2535
102.37701,2538
113.63434,2544
113.411674,2553
93.684105,2556
92.02209,2558
116.65612,2559
94.05153,2560
112.872185,2561
93.946465,2562
112.27998,2563
93.88277,2564
111.930664,2565
105.42145,2567
94.633156,2572
94.329475,2575
113.09108,2576
93.902115,2577
93.74543,2578
112.70173,2579
92.4047,2580
112.52468,2582
93.36427,2583
93.7075,2587
114.38782,2589
94.596214,2590
112.04993,2591
93.98913,2594
94.168785,2597
105.81716,2598
96.78201,2599
104.97817,2600
114.835075,2602
94.633156,2603
105.33273,2604
114.255806,2606
77.72629,2607
93.531235,2608
111.91106,2613
93.56968,2614
113.79501,2615
110.855705,2617
93.88788,2620
112.86217,2623
93.98708,2624
111.91106,2627
77.72629,2629
93.218605,2630
96.54487,2632
92.05818,2636
95.47832,2639
105.585304,2640
112.04993,2642
105.81716,2644
112.45588,2646
92.38228,2647
94.275314,2649
109.34404,2650
105.81716,2652
102.58722,2653
110.35075,2655
111.58951,2657
111.72099,2659
94.10862,2662
114.193924,2663
95.53923,2664
104.66789,2665
94.16473,2670
105.135254,2671
96.16015,2672
105.81716,2675
114.08084,2677
111.831245,2679
113.43515,2683
94.568886,2684
94.55428,2685
104.5958,2688
93.62829,2689
103.35837,2690
95.04673,2693
112.8412,2694
109.44061,2697
93.9038,2699
94.508095,2703
104.6394,2705
79.2523,2709
94.347755,2710
112.35869,2711
95.54512,2712
94.37769,2713
113.63226,2714
93.54879,2715
91.45564,2717
112.9936,2718
112.959656,2720
94.54001,2721
95.44166,2726
93.31038,2728
103.34133,2731
111.73805,2732
93.32018,2734
106.25056,2736
93.82763,2737
104.601326,2738
111.42938,2739
93.90703,2746
104.050255,2749
114.74105,2751
105.632164,2752
94.33999,2753
104.85454,2757
93.99615,2758
113.037575,2759
94.89193,2760
111.894135,2762
92.85643,2764
113.01803,2765
113.68043,2769
109.6264,2771
93.90096,2774
93.20221,2776
112.66671,2777
93.45795,2778
112.06118,2779
94.589516,2782
94.31915,2784
93.76124,2787
96.189995,2789
94.17393,2792
94.34945,2798
105.6746,2799
93.97516,2800
78.604294,2801
94.54929,2802
94.73311,2804
105.262825,2807
94.970055,2808
115.47485,2809
114.79948,2811
94.84841,2812
91.16977,2814
93.735756,2816
114.44199,2817
110.93704,2818
111.69083,2820
78.28339,2821
93.75209,2822
104.89884,2823
94.22315,2824
93.28615,2826
92.93898,2829
93.71046,2834
80.17074,2835
94.17824,2838
109.94506,2839
93.40175,2840
112.23578,2841
95.22701,2842
113.29362,2846
95.198074,2848
92.95106,2849
113.63226,2850
94.996284,2851
96.34648,2853
112.04993,2854
111.422455,2858
96.18524,2861
93.559006,2864
114.193924,2865
111.37923,2866
91.79699,2867
112.00163,2868
112.28266,2870
96.32604,2877
111.91106,2878
113.50256,2880
78.43136,2882
95.780716,2883
104.83673,2884
94.0542,2885
94.98637,2887
112.806,2888
94.10916,2889
105.81716,2890
93.85291,2891
115.20957,2892
93.87251,2893
113.74823,2898
92.969604,2899
114.004524,2900
92.85738,2901
95.50223,2909
112.62666,2910
111.56535,2911
111.026085,2913
92.86738,2914
94.20812,2918
111.1577,2919
93.89703,2920
111.91106,2921
95.117744,2922
102.80403,2923
113.59762,2925
92.4047,2926
113.40256,2927
112.94024,2929
92.11561,2933
113.76595,2934
114.416725,2936
104.64882,2941
93.73947,2942
112.93112,2943
105.43805,2945
92.3663,2950
112.037704,2951
116.50109,2953
95.93078,2954
105.06819,2955
95.92755,2956
95.217766,2960
94.31956,2962
106.42249,2963
105.81716,2964
76.481735,2966
93.22784,2967
113.42386,2968
92.02835,2969
95.359604,2971
95.50223,2972
93.22347,2974
112.98831,2975
114.74105,2977
112.42751,2980
94.42453,2981
96.003586,2983
106.52731,2984
115.403694,2985
104.162025,2986
95.50223,2987
94.9824,2989
111.32248,2990
95.58213,2991
78.450035,2992
109.44061,2995
103.379166,2996
112.02245,3002
113.025826,3004
115.403694,3005
94.329475,3006
93.53045,3010
104.39525,3011
92.4047,3014
95.035194,3015
95.99447,3016
112.72762,3017
94.09928,3018
104.21865,3021
105.81716,3024
93.7509,3028
93.45795,3030
94.08881,3032
93.626755,3039
105.49562,3040
94.38486,3041
96.24542,3043
112.3302,3044
112.43135,3046
93.8807,3055
112.79589,3056
93.66185,3058
112.74864,3059
115.20957,3061
104.67511,3063
94.34096,3066
105.81716,3067
79.21113,3068
94.54001,3069
115.47479,3072
112.89696,3073
94.98536,3074
92.579185,3077
95.13054,3082
109.44061,3084
111.35656,3085
105.81716,3088
93.9619,3091
114.27044,3092
94.04084,3093
103.34133,3094
112.62836,3096
93.88277,3097
78.43136,3098
114.79948,3102
93.7765,3106
95.33374,3109
93.059654,3111
115.403694,3112
95.14057,3113
93.531235,3115
111.758316,3116
95.26819,3117
111.85621,3121
93.74275,3122
94.08883,3123
103.70452,3124
95.99447,3125
104.273186,3126
115.3315,3127
93.55857,3129
111.59406,3130
104.849434,3132
105.9694,3134
94.909996,3135
80.07589,3137
94.397125,3138
95.047935,3140
113.1618,3144
94.45993,3145
113.79501,3146
94.41823,3147
105.32136,3148
105.42706,3149
113.85109,3150
95.23268,3151
94.63328,3152
93.9228,3155
113.63226,3156
92.62571,3159
93.70377,3161
105.68636,3162
94.1249,3163
103.62811,3165
93.88788,3172
112.09596,3173
94.02971,3176
104.46233,3177
112.98831,3179
93.87102,3183
93.1615,3186
103.71573,3187
111.2891,3189
93.38652,3190
115.3315,3192
93.88788,3193
112.08586,3194
94.996284,3197
95.330215,3198
95.56217,3200
114.74105,3201
95.330215,3202
95.22701,3204
93.74859,3205
112.77797,3206
104.57743,3208
104.4831,3210
94.28498,3211
115.20957,3212
93.29036,3213
112.68579,3214
105.81716,3216
92.18659,3219
112.383125,3220
95.14057,3221
108.06716,3226
93.768265,3227
112.60665,3228
93.02072,3229
78.382935,3232
93.19132,3233
94.019,3234
95.609474,3236
112.63286,3238
112.181206,3239
94.809395,3240
113.11254,3247
104.99875,3249
118.41256,3252
94.640274,3253
106.312294,3254
94.75456,3255
111.860306,3256
92.448616,3257
93.678406,3262
105.81716,3263
95.92755,3264
113.42018,3266
96.47744,3267
94.87709,3269
115.403694,3272
94.996284,3274
104.59454,3275
95.58962,3277
93.022995,3279
105.22618,3280
94.642426,3283
94.98637,3285
94.58326,3287
105.81716,3288
106.426254,3290
94.56278,3291
113.30427,3298
94.8068,3299
113.20768,3302
94.2717,3303
106.52731,3304
93.89157,3307
94.697075,3309
79.21113,3314
113.07129,3316
94.08883,3317
94.80334,3319
113.04982,3320
93.875946,3321
106.29307,3322
92.08094,3324
93.58238,3326
112.43135,3329
93.88277,3330
113.04982,3331
115.20957,3335
95.536316,3337
105.42406,3338
94.09244,3339
112.85335,3340
95.828026,3341
94.31978,3343
92.4047,3346
94.543594,3348
105.81716,3351
115.16305,3352
92.579185,3355
111.04578,3356
105.664925,3358
95.78426,3359
109.903175,3360
112.20796,3371
94.95159,3372
94.40988,3374
112.543625,3377
91.349266,3378
104.8477,3380
95.34399,3382
95.58962,3386
112.912415,3389
104.79741,3391
94.79087,3393
105.10389,3394
93.19132,3395
111.91106,3397
96.50421,3398
77.44989,3399
94.90071,3400
104.8147,3404
112.272316,3407
105.69084,3409
94.94055,3419
96.26569,3421
94.15824,3425
78.510216,3427
115.403694,3428
113.9484,3429
94.62639,3431
95.16542,3435
112.98831,3436
93.64116,3439
93.45594,3441
115.403694,3442
93.678406,3443
104.06041,3444
94.79259,3445
113.63434,3446
93.45795,3449
93.62525,3453
95.19343,3457
105.81716,3460
96.38846,3461
93.615524,3462
104.67511,3464
79.21113,3465
94.66772,3466
104.91576,3467
96.28151,3468
105.28085,3469
103.17399,3470
112.04993,3472
92.92693,3473
94.51225,3475
113.65663,3476
105.22618,3478
95.50492,3479
94.205666,3483
104.16377,3484
93.919846,3485
94.670494,3487
113.27516,3488
112.66214,3496
96.19179,3497
95.356636,3499
78.49381,3500
94.329475,3501
92.78824,3504
103.29733,3508
93.18471,3511
112.86314,3512
93.63717,3515
94.292,3517
103.87276,3518
112.73281,3526
117.28271,3528
93.386185,3529
113.30632,3530
93.24923,3531
113.685715,3532
93.424126,3533
95.04006,3534
77.459854,3535
94.19161,3536
113.30427,3537
94.54056,3538
111.99578,3539
104.98279,3540
113.27513,3545
91.687195,3546
105.43805,3550
94.3172,3551
94.23131,3553
105.81716,3554
94.56278,3557
111.15256,3558
93.45795,3559
93.631516,3561
111.91106,3562
93.54042,3563
105.81716,3564
94.79259,3565
94.93521,3567
105.81716,3571
95.00143,3572
96.57277,3574
94.89135,3576
111.93434,3577
94.329475,3578
94.89135,3579
93.94408,3583
92.85643,3585
104.64261,3586
112.95454,3587
93.102554,3593
112.668686,3594
93.626755,3595
93.88042,3599
104.990265,3600
112.04993,3601
93.45795,3602
94.23922,3604
114.74105,3609
113.47945,3610
112.04238,3612
111.72099,3614
94.7762,3615
93.76465,3617
111.15256,3618
113.42018,3619
113.30427,3620
94.96895,3621
95.10205,3625
104.37729,3626
104.114944,3630
95.666885,3631
105.72904,3632
94.36319,3633
113.79501,3634
93.817665,3637
93.98163,3639
112.48141,3640
93.95285,3641
112.29663,3644
94.89135,3645
94.22773,3646
94.68308,3647
111.91106,3648
113.88711,3653
93.531235,3654
112.025536,3655
104.208496,3659
95.536316,3660
111.692375,3662
95.03012,3666
96.46293,3668
93.91573,3671
93.95959,3673
111.41422,3674
93.84821,3675
94.80807,3681
113.09108,3682
112.68579,3686
94.69896,3687
78.09323,3692
113.04982,3695
94.79778,3696
112.59596,3699
115.57875,3705
78.382935,3707
94.429985,3708
113.28229,3709
94.15896,3710
93.798645,3712
113.74321,3715
94.89135,3716
113.20334,3720
78.382935,3722
94.90071,3726
92.43074,3728
110.01055,3729
104.601326,3731
113.18218,3735
93.534325,3736
103.62811,3739
112.11825,3741
103.73043,3743
91.24227,3744
112.521194,3745
93.494354,3746
92.5579,3751
94.93026,3753
111.9082,3760
92.5579,3761
111.41174,3762
92.688644,3763
91.36059,3765
111.25354,3768
93.707306,3769
105.0773,3770
110.9472,3773
94.27883,3774
93.31902,3776
91.9845,3778
112.215576,3779
92.25313,3780
111.0452,3781
93.66005,3782
112.64862,3783
92.38253,3784
91.713,3786
110.14773,3789
92.309586,3790
111.02677,3793
112.96816,3795
92.96171,3797
114.64976,3798
112.234375,3800
94.61999,3804
90.12231,3810
112.44927,3815
94.61999,3816
104.42281,3818
111.29599,3824
105.65942,3828
111.93999,3830
90.99991,3831
77.446335,3832
112.36256,3834
90.560875,3835
112.251564,3836
93.55718,3838
114.455635,3839
110.10177,3840
92.13879,3845
111.960335,3846
93.30808,3847
78.24333,3849
111.30764,3853
102.76293,3855
93.86887,3856
77.94063,3864
90.440575,3865
112.358604,3866
93.61812,3867
112.234375,3868
93.82978,3869
93.43213,3871
104.71435,3875
91.442764,3876
91.60502,3878
113.10775,3879
112.234375,3881
109.97638,3883
93.947754,3884
112.45294,3886
93.95352,3890
112.17822,3893
105.13532,3897
92.41789,3901
111.931854,3902
113.51119,3913
91.18935,3914
90.18761,3916
113.613464,3917
103.69075,3924
95.043655,3925
94.54274,3928
113.715,3929
95.95047,3932
105.34354,3933
77.846054,3934
93.425606,3935
94.321175,3936
111.65436,3937
96.03829,3938
112.81075,3939
93.72672,3943
113.27493,3944
113.14911,3945
94.561745,3946
113.02113,3947
92.739395,3948
113.27493,3949
93.84176,3950
112.63389,3951
93.92706,3952
112.61202,3953
113.7206,3961
94.08914,3962
94.13876,3966
104.86596,3967
94.55778,3968
114.65395,3969
95.323746,3970
103.09868,3971
93.88647,3973
113.51558,3974
113.02113,3975
91.74346,3977
112.597824,3979
94.325615,3985
105.206215,3986
112.81075,3988
93.79894,3991
104.80723,3992
95.08517,3993
93.07873,3994
113.03631,3995
113.35163,4005
94.71366,4007
103.94279,4008
93.29047,4009
112.44419,4010
79.544205,4011
93.94367,4012
103.62441,4013
112.2366,4015
111.568665,4016
112.51469,4018
95.57203,4025
112.50957,4026
111.709015,4028
95.453926,4029
94.29708,4031
113.70018,4032
93.54531,4033
104.6715,4034
94.417564,4037
102.62761,4038
95.62785,4039
95.2599,4041
111.937775,4042
95.9749,4043
105.34354,4044
94.5685,4045
113.14034,4046
93.29758,4047
105.947945,4048
95.99495,4049
93.25312,4051
113.51558,4052
105.34354,4058
112.801506,4062
112.28752,4064
94.6966,4067
79.18244,4068
93.36752,4070
113.65941,4072
113.31589,4074
94.6628,4075
113.48195,4076
94.35822,4077
112.50957,4078
105.34354,4080
112.1818,4082
94.944695,4085
109.902176,4086
112.50957,4088
94.97875,4089
76.886444,4092
93.383286,4094
113.354126,4095
95.42258,4096
104.04849,4097
96.21308,4102
113.481,4105
113.09525,4107
93.132385,4111
104.6498,4112
94.507904,4113
112.42634,4114
92.654976,4115
113.666954,4116
95.136734,4117
95.79004,4118
112.05084,4119
94.50091,4120
79.98759,4122
93.76363,4125
111.80273,4126
113.613464,4129
112.29162,4134
94.07229,4137
106.07178,4141
94.780914,4142
94.95768,4144
103.69075,4145
96.34195,4146
93.57437,4150
80.52848,4151
94.6966,4154
94.54743,4156
112.394844,4157
111.568665,4159
92.714935,4160
112.8801,4161
94.00195,4168
105.206215,4171
105.32726,4172
95.453926,4173
93.35809,4175
105.34354,4176
94.95768,4177
101.3067,4178
93.75466,4179
112.895035,4181
95.453926,4183
112.27392,4184
93.608925,4185
113.49465,4186
117.61019,4188
113.20881,4190
94.16257,4192
112.63003,4193
113.51558,4194
95.898834,4195
77.764366,4196
95.453926,4202
104.29333,4203
94.14273,4208
113.90987,4209
93.383286,4210
112.02449,4211
115.37501,4212
105.197495,4214
93.94367,4215
112.89783,4216
93.67465,4217
94.52615,4219
111.65436,4222
77.90797,4224
105.596344,4231
95.453926,4232
93.383286,4234
94.95768,4236
105.34354,4237
93.77699,4240
105.242546,4242
95.10847,4243
94.10479,4247
114.20574,4248
93.194466,4249
103.30016,4254
93.8856,4263
113.688286,4265
113.05097,4267
113.17452,4268
112.351326,4271
94.85659,4272
112.18415,4273
93.7691,4274
94.80632,4276
95.96578,4278
94.74454,4280
111.94531,4281
92.83263,4283
113.354126,4284
92.38228,4285
113.14034,4286
93.510765,4287
114.02991,4288
93.080215,4289
79.38821,4290
93.353546,4293
113.644745,4296
93.608925,4297
92.97168,4299
113.344894,4303
94.2698,4310
105.197495,4312
105.34354,4318
111.621414,4320
94.45464,4322
117.76358,4323
104.8422,4325
113.16345,4326
106.379196,4328
104.64642,4330
111.956116,4332
94.50905,4333
96.28483,4335
113.21312,4336
103.68474,4338
94.16524,4341
105.18612,4342
105.34354,4344
96.48553,4347
105.34354,4348
109.7562,4351
94.21264,4352
112.449875,4353
104.13372,4355
94.944695,4356
103.98631,4359
95.9749,4360
93.51486,4361
95.24684,4364
104.689,4365
94.776596,4368
93.69602,4372
92.61234,4374
93.773766,4376
105.13278,4377
94.296585,4380
105.43362,4383
95.96578,4384
103.15509,4385
94.16177,4389
93.91034,4391
112.49807,4392
93.40003,4393
94.18288,4395
111.88237,4396
113.11388,4398
100.118324,4399
93.13017,4401
94.2345,4406
105.197495,4408
105.34354,4412
93.68768,4415
113.473335,4418
92.61234,4419
77.62392,4420
112.4653,4422
92.61234,4423
94.66667,4425
111.49612,4428
113.172516,4431
91.89846,4434
94.49532,4436
111.16157,4437
114.73595,4439
95.468575,4440
113.364044,4441
93.42996,4444
105.197495,4445
94.293144,4446
111.72682,4447
105.106606,4452
112.76628,4456
95.104126,4457
112.05389,4458
94.944695,4460
114.73595,4461
93.69806,4462
102.772964,4465
104.17039,4466
93.9824,4468
105.65768,4469
112.80793,4472
95.5344,4475
93.7107,4478
111.80273,4479
94.07952,4480
78.70524,4483
93.8907,4484
105.13278,4485
95.323746,4486
94.333176,4488
105.86833,4489
94.00195,4490
105.936165,4491
95.52381,4492
110.80899,4493
95.136734,4494
104.014435,4495
80.39027,4498
93.74818,4499
104.43879,4500
112.69659,4503
102.772964,4505
93.826294,4506
94.02843,4507
105.34354,4508
113.06239,4510
91.83267,4511
95.323746,4513
77.36483,4516
92.80506,4519
95.92573,4521
95.28136,4531
79.18244,4532
94.95333,4533
112.497246,4534
105.34354,4536
95.104126,4537
94.06557,4539
103.93164,4542
92.49867,4545
92.92168,4549
94.69835,4551
104.58812,4554
113.6106,4556
112.22208,4559
113.277145,4561
111.539604,4562
112.0858,4566
94.42938,4569
111.88237,4570
95.00717,4573
102.772964,4574
93.23468,4575
94.69683,4577
111.65436,4578
111.79901,4580
92.4342,4582
112.4653,4583
93.40139,4585
105.34354,4587
93.746735,4595
112.23723,4596
94.85304,4601
113.708405,4602
93.95543,4603
110.56947,4605
93.73093,4606
113.39302,4607
94.85519,4608
94.883896,4610
104.61392,4613
93.97779,4617
111.67142,4618
94.16257,4619
93.17108,4620
100.071594,4622
94.944695,4625
105.34354,4626
94.196075,4627
93.19686,4629
93.97522,4631
105.34354,4633
117.06721,4634
93.70138,4635
94.71366,4639
103.27417,4640
104.64642,4642
112.67119,4644
105.34354,4646
93.78553,4647
78.23201,4648
94.77054,4649
113.19485,4650
92.92168,4655
93.59408,4660
113.1353,4661
93.76356,4662
113.06503,4663
93.86338,4665
112.86996,4666
104.82653,4667
93.98449,4668
94.06593,4670
114.08081,4671
94.881714,4672
104.59189,4673
104.192665,4675
93.83489,4676
113.360695,4677
93.17683,4680
94.40661,4682
111.68266,4683
105.34354,4685
95.8079,4686
113.51558,4688
113.96415,4690
112.01644,4692
93.75213,4693
94.53644,4697
113.379005,4700
111.646225,4702
116.115204,4707
94.71264,4708
78.84695,4710
100.446075,4716
95.09568,4717
96.30656,4718
95.69624,4720
78.358795,4721
95.754906,4723
113.096695,4726
93.27308,4727
95.903145,4729
95.64217,4731
112.311844,4732
95.87837,4735
104.43284,4736
94.542076,4737
114.67669,4738
113.26912,4739
106.80265,4744
95.36484,4747
113.61966,4749
94.71264,4750
113.27493,4752
94.61717,4755
104.65668,4756
114.03966,4757
94.67268,4758
104.66831,4759
93.844826,4763
106.211205,4764
93.85277,4765
93.76768,4766
113.57587,4767
113.9897,4769
94.67067,4770
80.86887,4771
105.69468,4772
113.51558,4774
112.41605,4776
112.738846,4777
96.13326,4778
93.44181,4780
93.63456,4784
94.471016,4786
79.32415,4787
95.09931,4788
113.27493,4789
107.31901,4791
94.702576,4792
114.44746,4795
95.89124,4796
94.19635,4803
94.72938,4805
95.40484,4807
94.597145,4809
94.395355,4816
78.94359,4817
93.79005,4818
94.877335,4820
104.96145,4821
113.00998,4823
94.88326,4824
112.45081,4825
104.228065,4829
96.04057,4830
112.56876,4831
105.170334,4833
94.69144,4836
113.51558,4837
94.699905,4838
94.68595,4840
79.49022,4841
92.6945,4842
112.76907,4843
94.88999,4844
110.112114,4849
105.746506,4851
95.56406,4852
93.45802,4858
96.04057,4860
112.28903,4863
95.1138,4864
114.68581,4865
113.300446,4867
93.997,4868
113.330574,4869
93.90301,4873
94.52287,4875
114.1537,4876
95.69557,4877
113.28618,4878
79.32415,4880
113.9897,4886
106.80265,4888
94.91229,4889
112.10611,4890
96.486244,4893
93.54,4895
105.88798,4896
95.099106,4899
94.9506,4901
114.05083,4902
95.49252,4903
113.27493,4904
95.55021,4910
93.85491,4912
93.92846,4915
104.79151,4916
94.03048,4917
105.69468,4920
104.92772,4927
95.677635,4928
105.751236,4931
94.60109,4934
94.2637,4936
115.77207,4939
112.342255,4942
96.38173,4943
104.57296,4944
96.28006,4945
113.04122,4947
96.396996,4948
95.358315,4951
113.27493,4952
94.91482,4953
95.49252,4956
115.609825,4957
94.84041,4958
96.442726,4960
96.019966,4968
104.58759,4969
104.16577,4971
113.51558,4973
112.28773,4975
94.838486,4976
94.25599,4978
112.87054,4979
93.7009,4982
112.121704,4983
95.545494,4984
116.115204,4985
94.202065,4986
113.7206,4987
94.01661,4988
95.321594,4994
95.781166,4995
80.92164,5002
94.636246,5004
104.36025,5005
94.96052,5006
104.508446,5007
112.26706,5009
113.51558,5011
95.78327,5014
103.78832,5015
96.17038,5018
114.31383,5019
93.98918,5020
112.729866,5021
95.27769,5022
93.701515,5023
96.04057,5025
95.61293,5032
96.60546,5034
92.92484,5036
93.63456,5038
112.740654,5039
96.44809,5046
114.31383,5049
94.02465,5051
92.89291,5052
113.51558,5053
96.04057,5054
95.72632,5055
94.87207,5057
96.26539,5059
94.37251,5062
112.92357,5063
113.24197,5065
95.28256,5069
95.67101,5071
113.48688,5074
93.824715,5075
112.09187,5076
79.32415,5077
104.92875,5079
94.77329,5080
113.51558,5081
104.00448,5083
106.31552,5088
94.69325,5089
111.257614,5093
105.248314,5094
95.6889,5095
113.44613,5099
114.19673,5101
103.22478,5103
94.104996,5104
112.64315,5105
93.70919,5107
114.12433,5108
95.785446,5109
93.14557,5111
113.28618,5112
94.38092,5113
113.89549,5114
93.88476,5115
93.64264,5118
96.04057,5122
76.838615,5123
94.7999,5125
105.06054,5127
94.624275,5128
114.7641,5129
94.96052,5132
113.50823,5134
94.804276,5135
110.6523,5137
93.972595,5142
104.37337,5143
92.96745,5144
94.19826,5148
94.79449,5149
104.2774,5150
79.32415,5154
94.31968,5155
94.02521,5159
94.716286,5164
114.65386,5165
94.70708,5166
112.41493,5167
93.14308,5169
94.452065,5171
113.2041,5172
95.92885,5176
111.9831,5184
94.99706,5185
114.3887,5186
106.08315,5188
114.1537,5189
96.03478,5190
114.65386,5191
113.2041,5193
93.88337,5196
78.59287,5199
105.72715,5200
93.49163,5203
113.89369,5204
96.622795,5205
95.1282,5207
105.34436,5208
95.65225,5212
95.3561,5214
92.76533,5218
95.8339,5220
93.21588,5222
94.17858,5224
105.69468,5225
112.81801,5227
105.58131,5229
93.21588,5232
115.92556,5233
104.429695,5234
112.60701,5237
114.14162,5239
92.63114,5240
114.31383,5241
94.647484,5244
111.27918,5248
93.74387,5251
94.94753,5253
94.4126,5255
106.005974,5256
95.580055,5257
93.859085,5259
112.95304,5260
96.15661,5266
94.78203,5268
113.51558,5275
110.4387,5276
95.67839,5277
95.29395,5279
105.58131,5280
93.05792,5281
95.88357,5283
78.73523,5284
95.781166,5285
103.10598,5286
93.17288,5287
94.09087,5289
113.2041,5290
106.856476,5292
94.532646,5293
104.235085,5294
94.552956,5297
104.44276,5299
94.7963,5302
79.77524,5305
94.4126,5306
96.29222,5308
94.44987,5309
112.09963,5310
114.68581,5312
112.265915,5316
94.64209,5317
77.031364,5319
96.04057,5320
94.97418,5323
113.300446,5329
113.26912,5331
113.1196,5334
113.064514,5336
106.128075,5338
95.19704,5341
94.545685,5345
93.77405,5348
113.71762,5349
106.75355,5355
95.8032,5356
105.2454,5360
113.63925,5362
112.27585,5364
107.53557,5366
97.56,5367
94.71264,5368
95.537834,5370
77.765625,5371
105.299416,5373
112.60701,5375
93.86779,5376
112.27585,5378
96.777534,5379
94.893814,5383
103.46651,5384
113.356964,5389
79.71784,5391
113.994736,5393
113.356964,5395
113.20422,5397
94.54376,5398
114.540405,5399
115.08709,5401
94.69359,5402
112.97255,5403
95.01027,5404
78.93419,5407
93.406586,5408
113.24698,5413
95.97614,5414
95.125755,5417
106.856476,5418
113.635124,5420
93.91946,5421
95.50339,5424
113.89369,5425
95.23925,5426
111.94873,5429
94.238335,5431
105.06167,5437
93.97688,5440
104.92772,5444
104.79151,5446
96.57252,5447
94.2902,5451
99.49985,5452
104.429695,5455
95.71239,5456
96.14418,5458
113.82239,5459
95.28212,5460
94.542076,5462
114.1914,5463
95.89124,5464
112.77516,5465
95.67101,5466
105.86277,5467
96.27938,5468
114.234856,5469
96.03934,5472
94.756,5474
112.15853,5475
95.781166,5476
105.58131,5479
113.51558,5480
112.76028,5482
94.47792,5485
115.28121,5486
80.49449,5488
105.58131,5495
96.777534,5496
113.1152,5497
113.379005,5499
94.783295,5503
95.48889,5504
96.04057,5507
93.784325,5509
93.59306,5511
113.02842,5512
113.27493,5516
94.46997,5517
105.02878,5518
94.564964,5521
105.88798,5522
95.77152,5527
96.17237,5528
114.1537,5529
95.83749,5532
114.02173,5533
103.67427,5535
99.04477,5536
93.18403,5540
96.31136,5547
114.44746,5548
79.31805,5550
95.50546,5551
113.102036,5554
94.62657,5555
113.17405,5559
92.96453,5560
114.44697,5561
94.840576,5562
114.838646,5563
79.578224,5565
96.31311,5566
106.07183,5567
94.542076,5568
95.616714,5572
94.31468,5574
95.39321,5576
112.10611,5579
77.83436,5580
95.35783,5581
94.30146,5583
112.65787,5584
114.60521,5586
96.23989,5587
105.17605,5589
105.74672,5591
95.278786,5592
114.169075,5593
94.983734,5594
80.01754,5595
113.51558,5596
115.100845,5597
116.23713,5598
95.72431,5599
114.344345,5602
94.983734,5603
95.0506,5605
94.99805,5607
112.98683,5608
94.1745,5609
94.03423,5610
94.603,5612
114.1537,5613
93.44181,5614
95.60074,5616
96.72323,5621
96.16721,5623
113.7206,5628
95.9607,5629
96.202415,5631
96.03669,5633
106.082306,5638
95.65225,5639
102.36182,5640
95.03143,5645
78.41558,5646
95.094086,5649
112.14009,5653
114.65386,5655
97.153984,5656
94.34543,5658
115.28121,5662
92.997925,5663
94.19595,5667
95.72431,5670
105.27711,5671
95.65225,5672
104.38621,5673
95.97614,5674
104.41632,5675
95.201164,5676
113.51558,5679
112.92245,5683
95.22438,5687
77.02815,5688
94.94939,5690
113.5247,5691
93.16988,5692
113.60347,5693
95.35731,5694
113.356964,5697
92.90508,5698
113.51558,5699
94.728615,5704
113.51558,5707
103.6142,5709
93.761826,5710
95.09686,5714
96.39331,5718
94.74569,5721
94.7092,5723
113.24197,5724
94.71264,5725
113.70579,5726
96.78058,5729
105.02878,5730
94.46921,5731
76.88611,5733
95.0506,5736
105.28182,5741
114.31383,5745
94.4014,5747
105.73847,5748
114.85811,5750
96.147194,5751
95.71239,5752
94.847206,5754
94.874825,5755
95.364975,5757
115.92556,5758
106.141,5760
106.36624,5762
112.688446,5766
96.78058,5768
115.92556,5769
94.91982,5770
114.03966,5771
93.14091,5772
112.809784,5773
96.176506,5774
94.56503,5776
113.51558,5777
96.250496,5778
112.740654,5780
94.96388,5782
79.76211,5783
96.04057,5784
95.30504,5786
95.67581,5788
112.89765,5789
96.57509,5790
105.58131,5791
103.12872,5793
95.37792,5794
116.115204,5796
95.7144,5797
96.44453,5801
95.22438,5803
114.22612,5804
94.20415,5805
79.32415,5806
114.44746,5808
94.728615,5813
93.884224,5815
107.65949,5816
93.93761,5822
113.51558,5823
104.76948,5825
115.106316,5827
105.27711,5829
95.19704,5830
112.14562,5831
93.50815,5832
114.44746,5833
113.96124,5837
95.855316,5838
95.51163,5839
102.36182,5842
114.34591,5844
104.037926,5845
113.913956,5846
80.15814,5848
112.49934,5850
94.27989,5851
96.78058,5853
104.92772,5854
102.36182,5858
114.58857,5860
105.36402,5864
95.22438,5866
113.51558,5867
95.1709,5868
113.41729,5869
93.63456,5870
114.583755,5871
114.65386,5874
113.58592,5876
93.57648,5877
93.63456,5878
114.31383,5879
94.66738,5880
95.41946,5884
113.89369,5886
100.672424,5890
95.10342,5896
104.12691,5897
96.78058,5898
104.71834,5901
113.51558,5903
94.03423,5906
113.51558,5908
94.91482,5909
114.1537,5910
94.728615,5911
112.27585,5912
114.65386,5914
113.51558,5919
94.775536,5924
95.179085,5926
105.32954,5929
95.6685,5930
94.72938,5932
113.280136,5933
94.76851,5934
113.25213,5935
93.38112,5936
114.77233,5937
96.66086,5938
114.122154,5939
112.33683,5942
96.09535,5943
104.979004,5944
113.27493,5946
93.77045,5951
103.30172,5953
93.74849,5954
103.94429,5957
93.98266,5961
103.67194,5962
80.03516,5964
95.9169,5965
114.65386,5968
94.349686,5969
93.71014,5974
113.27967,5975
78.59091,5978
103.94429,5981
93.10932,5982
112.006355,5983
113.736084,5989
94.965004,5991
104.96683,5992
95.0934,5995
102.82434,5996
111.241,5997
93.88476,5998
78.89389,5999
111.79463,6001
93.4229,6002
112.52117,6003
93.74849,6004
110.69516,6006
93.339035,6007
99.873276,6011
104.428535,6012
93.74849,6014
103.169334,6015
95.18601,6016
111.66324,6017
96.718124,6018
94.22104,6024
104.1012,6025
113.18857,6026
110.82274,6028
77.19331,6029
94.07664,6030
114.65386,6036
94.20415,6040
112.01221,6041
93.90314,6042
93.9397,6044
105.3069,6045
105.34886,6047
94.59891,6048
113.015175,6049
114.84038,6051
112.937874,6052
93.79005,6053
112.74622,6054
105.31951,6058
94.25775,6059
95.97812,6062
114.71845,6063
103.70364,6064
94.20415,6065
95.007835,6067
111.98003,6068
102.96056,6070
99.589554,6071
111.88545,6072
111.88545,6080
94.94316,6081
103.67194,6084
95.37488,6087
104.163826,6089
111.88545,6092
94.16964,6094
112.97646,6095
113.38541,6097
94.25228,6100
104.71461,6104
95.278786,6105
109.998024,6106
77.80338,6107
93.355034,6108
111.88545,6109
93.38213,6110
111.88545,6114
93.48756,6116
105.037125,6117
93.460785,6118
76.66819,6123
112.97646,6125
111.736145,6128
102.56877,6130
110.763054,6132
78.15061,6137
110.96431,6139
95.01027,6140
113.88062,6141
104.51022,6142
109.052086,6144
94.46997,6145
93.97203,6146
95.264046,6149
95.10676,6156
114.206,6159
95.01027,6160
104.22877,6162
113.53725,6164
94.93437,6165
78.15061,6168
112.43922,6169
93.60595,6170
111.985115,6171
92.63205,6172
116.55914,6173
96.718124,6176
93.267746,6177
94.378456,6178
92.97292,6180
105.58896,6181
94.06079,6182
94.334755,6185
112.79163,6186
111.762436,6188
94.146255,6189
103.67194,6192
94.90468,6193
105.3069,6194
94.04918,6195
114.30836,6196
95.79329,6197
112.690575,6201
92.02599,6202
111.05301,6203
95.278786,6204
114.71845,6207
92.72077,6209
93.29978,6210
112.65973,6211
113.041824,6213
92.93515,6216
94.02423,6217
94.2789,6219
77.319725,6222
94.67132,6223
95.97812,6235
94.445015,6240
96.46353,6242
94.23261,6247
112.569275,6251
111.067696,6254
96.24996,6255
102.82434,6260
94.0132,6261
105.516975,6262
113.47,6264
104.270294,6269
105.252266,6271
112.42904,6275
93.345634,6276
94.47832,6278
112.5703,6279
114.07215,6281
94.619286,6284
93.966,6286
75.56573,6287
94.75775,6288
92.54734,6292
94.603,6293
95.487656,6295
111.56043,6298
113.06202,6300
105.85367,6304
111.301025,6308
95.51555,6310
111.88545,6312
93.75379,6320
93.46235,6324
112.37684,6325
94.81217,6330
111.63861,6336
105.252266,6340
95.97812,6341
102.506256,6342
95.18765,6344
112.49774,6345
112.703926,6347
94.74459,6348
111.56043,6349
78.344025,6351
113.41755,6353
95.50546,6354
94.56611,6357
104.80882,6358
103.07314,6360
113.82676,6363
93.44743,6364
111.90605,6368
92.62252,6370
93.400085,6371
93.40615,6377
91.533455,6379
93.73228,6381
77.44594,6382
111.42141,6383
111.20268,6388
110.64362,6390
102.26642,6392
93.431725,6393
92.67091,6395
102.56145,6398
77.44594,6401
93.35495,6402
111.127655,6403
91.8679,6405
91.49258,6406
111.95866,6407
104.331055,6409
92.09415,6411
93.88504,6413
103.41029,6416
93.048294,6417
91.920395,6418
113.38941,6419
110.08825,6420
112.626396,6426
91.874146,6429
93.444046,6430
111.127655,6431
91.920395,6432
94.02657,6434
111.627815,6437
93.19546,6438
102.64153,6439
93.91108,6440
93.322296,6441
110.602936,6442
93.95163,6443
93.75203,6445
111.95866,6448
110.31368,6450
93.28878,6453
92.60195,6455
90.84119,6457
110.64031,6458
92.42367,6461
110.92381,6464
93.620056,6467
93.50608,6469
77.07111,6470
91.81722,6471
103.129196,6473
93.92583,6474
92.42367,6479
93.71844,6481
110.53952,6484
90.94338,6495
110.59315,6496
110.81631,6505
92.95959,6506
94.880356,6508
91.69031,6509
104.25489,6510
102.80556,6512
92.82839,6513
110.20987,6514
90.52248,6515
92.77603,6519
94.04303,6521
77.52065,6523
101.22833,6525
93.072945,6526
93.3819,6528
110.54982,6529
103.27115,6531
102.840195,6533
93.753654,6534
111.71801,6535
91.75642,6536
111.81689,6537
93.10276,6540
111.42141,6541
93.69359,6547
110.455185,6548
111.00339,6551
111.085846,6553
102.77386,6555
94.14035,6556
76.71679,6561
91.32849,6564
111.71801,6565
92.64499,6568
110.602936,6569
102.70669,6573
92.42367,6574
111.22828,6577
112.92867,6579
93.16488,6581
111.127655,6582
105.35973,6585
92.5301,6586
102.48035,6589
77.07964,6590
92.98353,6593
111.29115,6594
91.182945,6595
92.74212,6599
91.90058,6600
111.63651,6601
90.66741,6602
111.95866,6603
92.42114,6604
103.33068,6607
102.93857,6608
92.11774,6609
92.2731,6611
110.602936,6613
92.981964,6614
92.18535,6616
110.602936,6617
92.56368,6618
101.3357,6619
102.77386,6621
101.30909,6627
111.459526,6629
75.93394,6631
92.64031,6634
92.22783,6636
92.64499,6638
110.602936,6639
111.95866,6641
92.16586,6642
113.836555,6651
77.164734,6654
93.385735,6657
91.47463,6663
110.362755,6665
93.36472,6666
92.56368,6668
102.840195,6669
92.39849,6670
92.00288,6671
94.98351,6673
91.07614,6675
77.44594,6676
93.09287,6677
91.90058,6679
111.69615,6680
104.25489,6681
104.02438,6685
91.8616,6688
91.182945,6689
111.41131,6690
110.602936,6692
92.90864,6693
91.593994,6694
113.435936,6698
92.20651,6699
109.763985,6700
90.84119,6701
111.17161,6702
91.182945,6704
111.085846,6707
111.69395,6712
90.207306,6713
93.93598,6715
110.37485,6721
92.11397,6722
112.05449,6723
92.3982,6724
113.38941,6725
109.86474,6731
99.06542,6735
93.169334,6736
104.13844,6737
95.1204,6738
102.85364,6739
101.29118,6741
91.905205,6743
92.56368,6745
108.36112,6747
93.655815,6749
103.36535,6750
113.571846,6751
93.62444,6752
110.602936,6753
114.59655,6755
91.32481,6756
103.20441,6757
108.914696,6759
92.34359,6761
91.81722,6763
113.24629,6764
92.91219,6765
108.88597,6766
109.41264,6768
91.182945,6771
94.0402,6773
92.01193,6774
102.56591,6778
92.20486,6779
90.40453,6781
94.67803,6784
91.66321,6786
112.17548,6787
94.20243,6790
103.600525,6793
111.88545,6795
110.78727,6798
104.528786,6806
93.680664,6807
94.240555,6810
109.78937,6815
93.211426,6816
103.63896,6817
94.62343,6818
104.066345,6819
93.437386,6820
92.59468,6822
113.55786,6823
112.43922,6824
93.91778,6825
77.52065,6828
112.77925,6829
110.61752,6831
94.06762,6832
110.96431,6833
93.00203,6834
92.680695,6836
111.69395,6837
91.22094,6838
100.956825,6840
91.581406,6843
91.0167,6845
92.19992,6846
110.62315,6847
110.10566,6851
93.81623,6852
112.73703,6853
95.62343,6858
110.69751,6861
111.63651,6863
76.02786,6864
93.26479,6865
111.4533,6866
94.492035,6867
102.69472,6868
93.448654,6869
112.43922,6870
110.113464,6874
92.34592,6875
111.29572,6877
94.3757,6878
94.64428,6880
111.148895,6883
94.11462,6884
93.98615,6886
94.592766,6890
109.59021,6893
92.5844,6894
111.29572,6899
93.61702,6900
93.00412,6904
109.849266,6905
93.50102,6906
90.8278,6910
101.9441,6912
113.50677,6913
92.75091,6920
93.55077,6922
111.88545,6923
92.854454,6926
109.59021,6927
91.839806,6928
111.94471,6931
94.06125,6933
92.105606,6936
111.69395,6937
112.93517,6939
92.639244,6941
111.867004,6942
92.84785,6943
100.8341,6944
93.44341,6945
111.65812,6946
113.435936,6947
104.53104,6949
104.99308,6951
112.54684,6953
92.48593,6954
111.87566,6955
110.32724,6963
92.85207,6964
94.02617,6966
93.038994,6968
104.30644,6970
112.507744,6972
110.56739,6976
111.4533,6978
103.73452,6981
103.14581,6985
93.02345,6986
112.48564,6987
111.709854,6989
113.55786,6991
112.617424,6993
94.16413,6994
111.036316,6995
94.12267,6996
111.99257,6997
77.56506,6998
109.721375,7001
111.62205,7003
93.24929,7006
99.205124,7008
90.988106,7010
93.71374,7011
113.71502,7012
92.26681,7013
109.36565,7014
104.18531,7017
93.36406,7018
91.0167,7019
93.44341,7023
102.10411,7024
92.2705,7025
110.69751,7026
94.05181,7027
111.867004,7028
111.88545,7030
94.29601,7031
111.37365,7033
93.197235,7036
92.62999,7037
93.39136,7039
93.67971,7044
111.69395,7045
93.31767,7046
104.033585,7049
93.85091,7050
104.30644,7051
109.81757,7054
93.004456,7055
93.07558,7057
111.29572,7060
95.80045,7061
90.86971,7063
110.4518,7064
94.64428,7067
92.96905,7071
103.19895,7074
95.78389,7075
111.69395,7078
91.98332,7079
112.41019,7080
93.41701,7081
111.69395,7082
92.76027,7083
111.371155,7085
104.066345,7092
92.60642,7094
92.73597,7100
109.72072,7101
111.4533,7102
109.296814,7104
95.80045,7105
94.41159,7106
100.740005,7107
75.44273,7108
92.135735,7109
111.69395,7110
93.32441,7112
104.25489,7113
95.689095,7114
111.4533,7116
95.32516,7117
102.40861,7118
93.044525,7120
104.09085,7121
102.345055,7123
92.49419,7124
107.9792,7127
102.345055,7131
94.62343,7132
90.923225,7133
109.67218,7134
91.7892,7135
113.31649,7136
93.038994,7137
93.90314,7141
105.22914,7144
109.03927,7147
94.60935,7148
93.253845,7150
93.044525,7151
102.184715,7152
93.920586,7154
92.9041,7156
102.99648,7157
113.435936,7159
94.69089,7161
94.60326,7163
102.244446,7164
75.821075,7167
103.08416,7169
93.11086,7170
94.20441,7173
102.956116,7174
109.728195,7177
102.450264,7178
94.56783,7179
77.64763,7180
112.30559,7181
93.56517,7182
93.62877,7184
112.91033,7185
91.835945,7186
113.56702,7187
93.97602,7188
110.50929,7189
103.58053,7191
109.48982,7193
93.11916,7197
95.77323,7199
111.69395,7200
91.7892,7201
93.27586,7204
111.45918,7207
111.63651,7209
93.8223,7210
103.970825,7211
93.88343,7213
111.99257,7214
111.99257,7216
93.90314,7217
111.301025,7220
111.88545,7224
93.92855,7225
111.99257,7226
94.6429,7227
112.91033,7234
97.9791,7236
103.51039,7239
92.531075,7240
113.16932,7242
110.78807,7244
91.10597,7245
110.24649,7247
92.007545,7248
113.435936,7249
111.69866,7250
92.54218,7251
111.86037,7252
76.02786,7253
92.19548,7256
91.170204,7260
111.427216,7261
91.647316,7264
111.5805,7269
92.114586,7270
110.277916,7273
91.045586,7279
111.28778,7281
92.258575,7284
111.631905,7285
113.435936,7286
91.82847,7287
91.579155,7289
91.42656,7292
111.95866,7293
92.59803,7296
111.56252,7297
91.797295,7298
111.05844,7299
101.66685,7301
109.22474,7304
115.603004,7306
91.579155,7308
101.66169,7309
91.846,7312
76.02786,7313
91.170204,7314
91.51296,7316
116.555016,7319
93.48785,7321
92.23508,7323
102.45016,7324
92.8576,7325
102.78098,7328
76.72862,7330
92.8576,7334
111.627815,7337
93.65622,7338
90.458885,7339
94.28122,7341
111.627815,7342
110.22479,7344
111.90032,7345
109.48982,7347
111.28778,7349
91.633484,7350
111.10917,7353
111.47805,7355
92.9757,7356
111.28553,7357
92.42367,7358
93.38483,7360
103.207756,7363
91.786995,7364
91.79857,7366
92.54076,7368
110.31977,7369
91.42725,7370
92.24188,7373
109.69526,7374
91.82371,7375
92.61779,7377
91.34378,7379
113.24629,7380
111.13618,7382
92.26162,7383
92.47767,7385
103.07162,7386
92.11088,7391
103.51877,7394
111.69866,7396
92.60344,7397
92.61779,7399
103.1648,7400
76.0942,7403
111.56252,7405
112.33167,7408
111.63651,7414
102.41215,7416
91.9195,7417
92.82414,7419
104.965096,7420
92.51174,7421
91.54635,7422
102.53334,7423
77.07964,7425
91.13722,7430
92.50279,7432
91.79885,7433
110.50643,7434
109.152626,7436
91.026306,7437
104.4438,7438
103.39814,7440
91.97074,7441
111.367325,7442
110.9889,7445
102.95639,7446
110.25199,7448
101.35112,7450
91.579155,7451
110.3399,7454
91.70769,7455
111.95343,7457
102.679924,7459
92.169624,7462
91.579155,7464
110.68685,7465
91.39507,7466
111.12668,7467
111.27304,7469
92.332306,7472
110.602936,7473
92.8576,7479
103.89766,7480
110.47515,7484
92.27651,7491
104.3947,7494
92.56494,7495
93.11349,7501
91.90069,7503
104.57115,7504
91.774124,7505
110.92381,7508
91.72782,7509
76.02786,7510
111.90605,7511
93.0115,7515
103.61341,7516
92.16309,7517
103.24762,7518
92.67659,7519
92.50279,7521
102.594345,7522
103.66493,7524
103.38288,7526
91.75301,7527
102.14433,7528
92.23862,7529
111.24209,7534
111.91925,7537
91.96067,7538
92.07053,7540
110.94551,7541
111.42141,7545
112.22425,7551
91.49187,7553
102.14433,7554
91.70028,7555
110.74403,7561
92.86764,7562
91.53439,7564
103.39814,7565
91.886185,7566
112.37992,7567
102.42466,7569
91.6364,7570
113.836555,7571
91.7788,7572
101.04004,7574
111.28553,7578
91.85406,7579
92.13961,7586
77.02488,7587
91.453575,7590
110.602936,7593
93.229,7594
91.886185,7595
91.20717,7600
75.796524,7601
90.453384,7602
111.7131,7603
90.77559,7604
92.14722,7606
112.65086,7608
77.252525,7613
110.87479,7615
109.58602,7616
116.00964,7617
91.75301,7618
104.30644,7619
92.68075,7622
102.1807,7623
92.41608,7624
103.969376,7625
91.891945,7626
101.974495,7627
77.44594,7628
102.53789,7631
104.25489,7632
93.189026,7633
115.83351,7634
92.25245,7635
110.71005,7636
110.71005,7637
91.559494,7639
77.44594,7640
111.69395,7644
90.51709,7645
103.688705,7648
91.50616,7649
111.1567,7650
110.68685,7652
93.33402,7653
92.3266,7655
110.8371,7659
92.24633,7662
91.19185,7664
92.54392,7666
92.087906,7668
112.52721,7669
91.585144,7670
93.798515,7672
110.032234,7673
91.253624,7678
76.9827,7679
102.399185,7680
90.46634,7683
113.435936,7685
91.314445,7688
109.58602,7690
92.66633,7692
91.34073,7693
111.627815,7695
91.6686,7696
91.288574,7698
110.89954,7699
92.917465,7702
110.71005,7703
91.50616,7704
111.90605,7707
77.44594,7713
103.40392,7715
111.44318,7717
90.95731,7718
102.87674,7719
111.93592,7721
92.39915,7722
102.131744,7725
101.161476,7727
76.05456,7730
89.77246,7733
100.2286,7735
110.71005,7740
110.93398,7741
91.99558,7742
108.15548,7744
90.64091,7747
76.42356,7750
110.819435,7752
111.09432,7754
102.393425,7756
90.96966,7757
102.56711,7758
101.30209,7760
90.896355,7761
108.4382,7763
91.91422,7765
110.71005,7767
91.97437,7768
90.89756,7771
90.8569,7773
109.80653,7774
102.711716,7776
90.96115,7779
91.34725,7783
103.24024,7786
91.49694,7787
91.46748,7789
91.6364,7791
91.44695,7793
111.13618,7794
91.666664,7795
74.99711,7799
111.17975,7800
91.79848,7802
109.49707,7805
101.32757,7807
92.00653,7808
102.53586,7811
109.58602,7817
103.1578,7818
91.314445,7819
90.43278,7822
110.96365,7823
111.31703,7825
91.42605,7828
91.170204,7832
74.531235,7833
111.08089,7834
91.37242,7835
91.057304,7837
90.985634,7840
91.69657,7842
110.68853,7843
91.97437,7844
90.896355,7846
91.11939,7850
111.95866,7853
112.22425,7855
91.51405,7858
111.29069,7863
111.69395,7865
90.58571,7866
90.614006,7868
109.86474,7869
74.72398,7871
99.712845,7872
100.728,7874
112.21273,7877
89.87007,7878
108.27996,7879
90.68273,7881
90.890976,7883
100.71928,7885
91.49187,7886
90.643074,7889
103.55414,7890
90.279724,7891
91.72936,7893
101.69541,7894
111.1567,7896
101.66541,7898
90.402626,7901
109.48982,7902
111.308525,7904
90.54847,7905
115.557045,7906
91.314445,7909
100.82916,7910
92.03443,7913
111.499825,7918
90.341805,7919
90.93581,7923
90.67682,7925
90.25227,7927
93.32229,7930
90.906586,7932
91.38926,7933
91.96008,7935
101.79595,7939
92.47978,7942
111.645485,7943
103.00978,7945
91.93854,7946
90.54434,7948
110.602936,7949
92.26029,7950
110.71005,7951
102.90639,7955
91.786995,7959
110.71005,7960
91.48808,7961
101.75499,7962
101.793816,7964
91.81021,7965
111.69395,7966
101.78243,7967
90.87155,7968
102.00749,7971
90.341805,7974
102.92658,7976
111.530815,7978
110.71005,7982
91.314445,7983
102.96925,7984
91.64125,7986
110.602936,7989
109.48982,7991
110.7466,7992
91.6163,7993
111.4533,7994
91.170204,7995
92.97726,7997
102.96925,7998
109.58602,7999
91.96128,8002
92.45574,8007
92.17312,8009
92.02235,8011
90.04482,8013
101.46715,8015
111.31611,8017
113.435936,8019
91.79857,8023
110.97476,8024
111.00339,8026
92.73556,8027
92.16921,8029
110.91875,8030
92.26162,8031
90.53146,8033
91.002426,8035
99.850494,8036
101.68981,8039
89.9918,8042
94.11564,8044
76.11858,8046
111.19258,8048
90.54847,8049
102.69808,8050
92.324295,8053
92.18116,8054
90.911255,8059
90.065056,8061
111.83551,8062
110.277916,8064
103.15347,8066
90.68722,8067
92.42071,8068
92.016106,8070
111.95866,8071
90.50541,8072
92.8904,8076
92.730225,8080
111.367325,8081
97.102486,8084
110.79478,8087
90.653625,8089
113.24629,8090
102.80057,8091
111.02257,8094
93.031845,8100
91.8843,8101
91.41686,8110
109.48982,8111
91.70028,8112
111.91937,8115
91.56672,8116
110.277916,8118
113.38941,8121
111.26847,8125
111.72513,8127
90.12994,8128
109.83098,8129
90.44532,8131
90.83075,8138
101.01191,8139
90.8365,8140
90.8569,8141
111.16491,8142
110.93398,8143
111.00339,8145
91.1132,8146
111.63651,8148
110.74403,8153
90.37644,8154
110.25199,8155
92.42278,8161
110.03597,8162
91.0808,8163
112.88332,8166
113.35271,8168
90.33228,8170
111.12101,8172
88.84697,8173
104.68516,8176
92.03142,8179
90.64171,8181
114.32201,8182
112.74445,8184
103.88442,8190
93.297806,8191
111.29876,8194
112.159706,8196
112.164505,8198
111.15712,8199
112.565704,8201
92.512535,8202
93.60151,8207
111.462166,8208
112.1863,8211
111.08089,8214
93.10901,8217
112.95242,8218
93.11004,8222
105.11091,8229
92.33291,8231
91.563,8233
93.61954,8236
112.75879,8238
103.22378,8240
103.23022,8243
111.26852,8246
91.517555,8250
93.26128,8254
76.91513,8256
111.43335,8257
91.78131,8258
93.12315,8260
112.58639,8261
113.95328,8263
92.40387,8264
112.01231,8267
92.1508,8268
91.74006,8271
111.462166,8272
92.54194,8275
91.57834,8276
105.43805,8277
115.20957,8278
94.37343,8279
112.03451,8280
93.54403,8281
111.197845,8282
112.87234,8287
90.38596,8288
112.885376,8289
94.36423,8294
93.17585,8296
112.61892,8299
105.261116,8302
114.2077,8308
103.84519,8314
92.24741,8315
114.20457,8316
92.47178,8317
112.45985,8319
90.038475,8320
115.403694,8321
93.40472,8323
94.410484,8325
111.247696,8326
111.12101,8328
111.541916,8330
93.03315,8331
111.3061,8332
92.50952,8334
91.484764,8338
95.42434,8339
93.34101,8341
112.63286,8345
92.1807,8346
103.83194,8347
92.47781,8349
94.07485,8351
112.60791,8352
111.12101,8353
113.54143,8355
109.9988,8358
111.44086,8359
91.6832,8360
113.23158,8361
104.54638,8363
93.652985,8364
93.13258,8365
104.71435,8366
110.808815,8370
93.403564,8372
93.00641,8376
112.58827,8377
111.39739,8379
93.507614,8380
111.595825,8381
90.1109,8386
102.82667,8388
92.07021,8389
110.72022,8391
93.26128,8394
105.20753,8396
104.372025,8398
112.86281,8400
92.938965,8401
93.34101,8404
93.55718,8407
112.55238,8408
110.72472,8409
104.178246,8410
92.051994,8411
90.81723,8413
112.11099,8414
92.72804,8416
